{
  "iteration": 200,
  "max_cameras": 40,
  "models": [
    {
      "label": "uniform",
      "model_path": "map_cambridge_spgs/StMarysChurch_uniform_ft200",
      "num_cameras": 40,
      "num_valid_pixels": 8867364,
      "rows": [
        {
          "all_error_mean": 0.041573572903871536,
          "background_error_mean": 0.04230611026287079,
          "background_score_mean": 0.12234571576118469,
          "cosine_all_error_mean": 0.556793212890625,
          "cosine_background_error_mean": 0.5766933560371399,
          "cosine_selected_error_mean": 0.17869047820568085,
          "cosine_selected_to_background_error_ratio": 0.30985355377197266,
          "score_mass": 0.13698354363441467,
          "score_mass_gain": 2.739665929319005,
          "selected_error_mean": 0.027655240148305893,
          "selected_fraction": 0.05000009021846853,
          "selected_points": 443369,
          "selected_score_mean": 0.3689698278903961,
          "selected_to_background_error_ratio": 0.6536937355995178,
          "top_ratio": 0.05
        },
        {
          "all_error_mean": 0.041573572903871536,
          "background_error_mean": 0.042990367859601974,
          "background_score_mean": 0.11236723512411118,
          "cosine_all_error_mean": 0.556793212890625,
          "cosine_background_error_mean": 0.5966997146606445,
          "cosine_selected_error_mean": 0.19763480126857758,
          "cosine_selected_to_background_error_ratio": 0.33121317625045776,
          "score_mass": 0.24908816814422607,
          "score_mass_gain": 2.4908799960169214,
          "selected_error_mean": 0.02882235310971737,
          "selected_fraction": 0.1000000676638514,
          "selected_points": 886737,
          "selected_score_mean": 0.33546411991119385,
          "selected_to_background_error_ratio": 0.6704374551773071,
          "top_ratio": 0.1
        },
        {
          "all_error_mean": 0.041573572903871536,
          "background_error_mean": 0.04425026848912239,
          "background_score_mean": 0.0956086739897728,
          "cosine_all_error_mean": 0.556793212890625,
          "cosine_background_error_mean": 0.63670414686203,
          "cosine_selected_error_mean": 0.23714934289455414,
          "cosine_selected_to_background_error_ratio": 0.3724639415740967,
          "score_mass": 0.4320710599422455,
          "score_mass_gain": 2.160355056081322,
          "selected_error_mean": 0.030866745859384537,
          "selected_fraction": 0.20000002255461713,
          "selected_points": 1773473,
          "selected_score_mean": 0.2909500300884247,
          "selected_to_background_error_ratio": 0.6975493431091309,
          "top_ratio": 0.2
        }
      ]
    },
    {
      "label": "top20_w0.5",
      "model_path": "map_cambridge_spgs/StMarysChurch_selective_ft200",
      "num_cameras": 40,
      "num_valid_pixels": 8867364,
      "rows": [
        {
          "all_error_mean": 0.04157900810241699,
          "background_error_mean": 0.04231245070695877,
          "background_score_mean": 0.12234571576118469,
          "cosine_all_error_mean": 0.556854248046875,
          "cosine_background_error_mean": 0.5767669677734375,
          "cosine_selected_error_mean": 0.17851275205612183,
          "cosine_selected_to_background_error_ratio": 0.3095058500766754,
          "score_mass": 0.13698354363441467,
          "score_mass_gain": 2.739665929319005,
          "selected_error_mean": 0.027643593028187752,
          "selected_fraction": 0.05000009021846853,
          "selected_points": 443369,
          "selected_score_mean": 0.3689698278903961,
          "selected_to_background_error_ratio": 0.6533205509185791,
          "top_ratio": 0.05
        },
        {
          "all_error_mean": 0.04157900810241699,
          "background_error_mean": 0.04299633204936981,
          "background_score_mean": 0.11236723512411118,
          "cosine_all_error_mean": 0.556854248046875,
          "cosine_background_error_mean": 0.5967748165130615,
          "cosine_selected_error_mean": 0.19756968319416046,
          "cosine_selected_to_background_error_ratio": 0.331062376499176,
          "score_mass": 0.24908816814422607,
          "score_mass_gain": 2.4908799960169214,
          "selected_error_mean": 0.028823088854551315,
          "selected_fraction": 0.1000000676638514,
          "selected_points": 886737,
          "selected_score_mean": 0.33546411991119385,
          "selected_to_background_error_ratio": 0.6703615784645081,
          "top_ratio": 0.1
        },
        {
          "all_error_mean": 0.04157900810241699,
          "background_error_mean": 0.04425462707877159,
          "background_score_mean": 0.0956086739897728,
          "cosine_all_error_mean": 0.556854248046875,
          "cosine_background_error_mean": 0.6367676258087158,
          "cosine_selected_error_mean": 0.23720085620880127,
          "cosine_selected_to_background_error_ratio": 0.3725077211856842,
          "score_mass": 0.4320710599422455,
          "score_mass_gain": 2.160355056081322,
          "selected_error_mean": 0.030876539647579193,
          "selected_fraction": 0.20000002255461713,
          "selected_points": 1773473,
          "selected_score_mean": 0.2909500300884247,
          "selected_to_background_error_ratio": 0.6977019309997559,
          "top_ratio": 0.2
        }
      ]
    },
    {
      "label": "top10_w0.5",
      "model_path": "map_cambridge_spgs/StMarysChurch_selective_rho10_ft200",
      "num_cameras": 40,
      "num_valid_pixels": 8867364,
      "rows": [
        {
          "all_error_mean": 0.04157907888293266,
          "background_error_mean": 0.04231208190321922,
          "background_score_mean": 0.12234571576118469,
          "cosine_all_error_mean": 0.5568436980247498,
          "cosine_background_error_mean": 0.5767531394958496,
          "cosine_selected_error_mean": 0.17856504023075104,
          "cosine_selected_to_background_error_ratio": 0.3096039295196533,
          "score_mass": 0.13698354363441467,
          "score_mass_gain": 2.739665929319005,
          "selected_error_mean": 0.027651868760585785,
          "selected_fraction": 0.05000009021846853,
          "selected_points": 443369,
          "selected_score_mean": 0.3689698278903961,
          "selected_to_background_error_ratio": 0.6535218358039856,
          "top_ratio": 0.05
        },
        {
          "all_error_mean": 0.04157907888293266,
          "background_error_mean": 0.04299498349428177,
          "background_score_mean": 0.11236723512411118,
          "cosine_all_error_mean": 0.5568436980247498,
          "cosine_background_error_mean": 0.5967510938644409,
          "cosine_selected_error_mean": 0.197677344083786,
          "cosine_selected_to_background_error_ratio": 0.3312559425830841,
          "score_mass": 0.24908816814422607,
          "score_mass_gain": 2.4908799960169214,
          "selected_error_mean": 0.028835898265242577,
          "selected_fraction": 0.1000000676638514,
          "selected_points": 886737,
          "selected_score_mean": 0.33546411991119385,
          "selected_to_background_error_ratio": 0.6706805229187012,
          "top_ratio": 0.1
        },
        {
          "all_error_mean": 0.04157907888293266,
          "background_error_mean": 0.04425324499607086,
          "background_score_mean": 0.0956086739897728,
          "cosine_all_error_mean": 0.5568436980247498,
          "cosine_background_error_mean": 0.6367407441139221,
          "cosine_selected_error_mean": 0.23725534975528717,
          "cosine_selected_to_background_error_ratio": 0.37260901927948,
          "score_mass": 0.4320710599422455,
          "score_mass_gain": 2.160355056081322,
          "selected_error_mean": 0.03088238835334778,
          "selected_fraction": 0.20000002255461713,
          "selected_points": 1773473,
          "selected_score_mean": 0.2909500300884247,
          "selected_to_background_error_ratio": 0.6978558897972107,